archive_path,repository_path,original_sha256,cleaned_sha256,change
uvm_router/constraints.sdc,synthesis/experimental/constraints.sdc,fff988e1e9fc58e8b8aaab077e45aaa9a80a5327a5119cc681f25f18e01c1b8c,fff988e1e9fc58e8b8aaab077e45aaa9a80a5327a5119cc681f25f18e01c1b8c,unchanged
uvm_router/environment.sv,tb/environment.sv,60acd4a1d51c41029355ca0fbea96bfd5bb265acd41f8e2cefe86a5198a08c5e,5ffd14e0bfd02481f33d1007327d1cee952118a1a758f4773c775a8b48b0cc62,comments only
uvm_router/functional_coverage.sv,tb/functional_coverage.sv,0f0303ab2447b40617c54ab1be45dd84f26b47e89cd778e87d0826d468f5b126,ac24ff61eafb6dd6cffc7855da27238bad8e4b2ecb22a98fae9a881b07632789,comments only
uvm_router/interface.sv,tb/interface.sv,475a09a769aa7e66d564d60d20a05aa6b042aef2340018874fea85492698260d,85afab1804d6b5fb71f2392d9a99c4cfd8b2f03aaa7c04dd9273b51c5ed03486,comments only
uvm_router/lint.log,reports/evidence/lint.log,2237268657927aa74ae402d09194fa5c3a4f816e458749197b8d8cf1959614e1,2237268657927aa74ae402d09194fa5c3a4f816e458749197b8d8cf1959614e1,unchanged
uvm_router/read_agent1.sv,tb/read_agent1.sv,3a90bd15b21ae70dd6ea830d942bf5b98f5943b8524c235b92e205f35038915c,3a90bd15b21ae70dd6ea830d942bf5b98f5943b8524c235b92e205f35038915c,unchanged
uvm_router/read_agent2.sv,tb/read_agent2.sv,4b92c632247f427601dcf09f88c6e7c8395a820cd7398dc7677637cf5c143231,4b92c632247f427601dcf09f88c6e7c8395a820cd7398dc7677637cf5c143231,unchanged
uvm_router/read_agent3.sv,tb/read_agent3.sv,e969569c9de826350dcd5d913edc58a151259adede501c089fa1888b03245c15,e969569c9de826350dcd5d913edc58a151259adede501c089fa1888b03245c15,unchanged
uvm_router/read_driver1.sv,tb/read_driver1.sv,1fea2e16ee77cbfb1e79ccd1f935918a720b69a10ae8933a24efb68f267843cd,ef245c040e03c04f1fc64a6235f92c6649bad06e07aebf7121152c2b72d05781,comments only
uvm_router/read_driver2.sv,tb/read_driver2.sv,8c5f3423528e0930d05a689b189efeb368d516694ec5487d96f5c91bc91353b7,6ade512d32367b17ec9ee1231fafb3ca822ab9f36403c233b8ef587678059c6a,comments only
uvm_router/read_driver3.sv,tb/read_driver3.sv,d3b0997ea4f4b779f8e7a7ef1cc3003336c8b2bad3176fb12017382ccfaeb64e,bdb42ace0aaf35b583ee92356c6ce1293691e4dfb6f486a3f9001eab653b68be,comments only
uvm_router/read_monitor1.sv,tb/read_monitor1.sv,4fddb476897cc5b2503a0019a10b465665f9208bf86c83705e5af9874f377883,f7ee2bd8cdbdf06cc842e5d416e37f11ff1b2563bf2c46bbad98ec8e8474dc41,comments only
uvm_router/read_monitor2.sv,tb/read_monitor2.sv,5e5fe6f2236448b32e008d5510d84a03114fd1889e239703d66fb26c411f15c4,0b840807ecffe791023d06d7fe4df9a6d23efed9933f1bb711982631ebae2ba4,comments only
uvm_router/read_monitor3.sv,tb/read_monitor3.sv,721eff8023d350892ae533b018ae2ce87256e5148c3e658ba0113da5ce8e7e53,7e71aead62930a2b4aaef36a5af274f46a7447113c712e759933dd4ca38846bb,comments only
uvm_router/read_sequencer1.sv,tb/read_sequencer1.sv,166d6e12feb5772aab365467c97841783966e7dfc89450ac0d0659c503e4b919,166d6e12feb5772aab365467c97841783966e7dfc89450ac0d0659c503e4b919,unchanged
uvm_router/read_sequencer2.sv,tb/read_sequencer2.sv,b71f59b971f4cf5032111ab0dd0e941d4745c92b7f662f1f48627a319ec2aa21,b71f59b971f4cf5032111ab0dd0e941d4745c92b7f662f1f48627a319ec2aa21,unchanged
uvm_router/read_sequencer3.sv,tb/read_sequencer3.sv,53149bccb5c61bf02191ee353608ea0b4d5bae929649f5a68249b3ebd57e420c,53149bccb5c61bf02191ee353608ea0b4d5bae929649f5a68249b3ebd57e420c,unchanged
uvm_router/read_xtn.sv,tb/read_xtn.sv,bd18530e9c9e715b0c4bd0430c8154eb4cbfca18001e7c365cc5ca28c38fe5c6,fd5a10c4b88a744f4cfede6c98f7dccffa251b80319c1c5c31c2179992c6ea55,comments only
uvm_router/router_assertions.sv,sva/router_assertions.sv,e26535e405e8ff91ef4a3868d8e047d4e5941031df1176ffcf98dccf72955619,e26535e405e8ff91ef4a3868d8e047d4e5941031df1176ffcf98dccf72955619,unchanged
uvm_router/router_fifo.v,rtl/router_fifo.v,17af2198732f3b75ac4227575c5a3bf9873f72ad765578f73899e2cff0b78c10,17af2198732f3b75ac4227575c5a3bf9873f72ad765578f73899e2cff0b78c10,unchanged
uvm_router/router_fsm.v,rtl/router_fsm.v,338b6d3b1ce7ae26f19da7951cc36656b82e77fa44948a70f66d3372445ac20e,338b6d3b1ce7ae26f19da7951cc36656b82e77fa44948a70f66d3372445ac20e,unchanged
uvm_router/router_netlist.v,synthesis/router_netlist.v,7905068c88bc6371a4d01f0ca1e1c83827e6d8f976d6f124b69150a8e50aaeed,7905068c88bc6371a4d01f0ca1e1c83827e6d8f976d6f124b69150a8e50aaeed,unchanged
uvm_router/router_reg.v,rtl/router_reg.v,837a8d0f1f1e439d95299d0f45a21d77d9852234ce7019ca7f696aee23030558,837a8d0f1f1e439d95299d0f45a21d77d9852234ce7019ca7f696aee23030558,unchanged
uvm_router/router_sequences.sv,tb/router_sequences.sv,ccbef10c05a05341fa6f486d5a8a4f639345a4bebb0e2c12bba1f2e7bd218189,a031e24a0be1fca9010df8764863ff93ac25d723f3f51e66e9ab0fd411c63e26,comments only
uvm_router/router_sky130_netlist.v,synthesis/router_sky130_netlist.v,f4e3b189fc1855cb6677c15e08ad66209e27af4e2ca5c6434bae2dd9fe589a38,f4e3b189fc1855cb6677c15e08ad66209e27af4e2ca5c6434bae2dd9fe589a38,unchanged
uvm_router/router_sync.v,rtl/router_sync.v,5f821f4024081117e3f51779c0b43f7da239c9b40f202c99b84394bbc6f28dfa,5f821f4024081117e3f51779c0b43f7da239c9b40f202c99b84394bbc6f28dfa,unchanged
uvm_router/router_top.v,rtl/router_top.v,0ec96133ded5568dfa5b952ef1bc688dbcec647b9161d304683b1b5e2c24aff6,0ec96133ded5568dfa5b952ef1bc688dbcec647b9161d304683b1b5e2c24aff6,unchanged
uvm_router/run.sh,run.sh,6924c470936d7e81c0b24084a36a99411777ec51fcbde3c9be554bbb665387b2,fe7a36e666507e560756897003636721926dd36739a257ab0add6fec8e4128f9,portable launcher/path update
uvm_router/scoreboard.sv,tb/scoreboard.sv,381d17fd3e55c847cec6b9841cadea7e6e21238bc2d1302fed74e4e7ffa99be1,ef18743ddd0fa9b5ea1461786938a6d4540f37582ff3ca02b4965d13c4c45553,comments only
uvm_router/sky130_synthesis.log,reports/evidence/sky130_synthesis.log,ce12d31991041062a13e561e3e57c035522f2ca475573b3d8f1c68307bcce9c1,ce12d31991041062a13e561e3e57c035522f2ca475573b3d8f1c68307bcce9c1,unchanged
uvm_router/sta.tcl,synthesis/experimental/sta.tcl,78503fe7068655f043e4b07b047e87f42fbe95dc8b62a7ccd30b07111fd805cd,2f30afc91138189cf192edaef75d335ad39b9eeb8db4c382d596bcc25ba1edc4,portable launcher/path update
uvm_router/synth.ys,synthesis/synth.ys,47bf9f7ea3013ac380741a039e3adabff46e6c261626a005940da60b3e12ee12,42cc6a78af32fa8b52c996d83261ab8a1dbe138cf63a4fba2f72cb0076852ea0,portable launcher/path update
uvm_router/synth_sky130.ys,synthesis/synth_sky130.ys,816b386eeee0c1bcf784835a82ef23b5bf980e7edcd4ec199332f17239aab6a8,a077f500cdfb753e9f3732f1805bb80ea84b70a6eda3820f512e8fa0a9450f77,portable launcher/path update
uvm_router/synthesis.log,reports/evidence/synthesis.log,b9be9f26ec4b53cd3eff2525e16667675d48cdd1935ca559888fdc1ff332c9c5,b9be9f26ec4b53cd3eff2525e16667675d48cdd1935ca559888fdc1ff332c9c5,unchanged
uvm_router/test.sv,tb/test.sv,b30a46c580a5887c05c19c77a137cf23ad3de9a4ff9d0866325b5402a6ab1718,f8a8ab58fb3b9840f161b683128f213798c85ae26e53a5d37789bb51ecf50501,comments only
uvm_router/testbench.sv,tb/testbench.sv,8fcdad9d278fd49324e29aff9d17f1f490c0782cfde7b6f2d07bb6ac2afb5730,dd80188f5d9c732b22eda885ee15d594f5693d60be402a4fd51f8b53ef4ddca9,comments only
uvm_router/timing.log,reports/evidence/timing.log,d616fc45f43c4b7faad5e5bd678e20fcf2f97f9dd35e45cdaf2d0c87a726bda1,d616fc45f43c4b7faad5e5bd678e20fcf2f97f9dd35e45cdaf2d0c87a726bda1,unchanged
uvm_router/virtual_seqr.sv,tb/virtual_seqr.sv,a6c6762567f4de54c0f3bf4ded7b498ae9431f6effe7c616795abc536c3d1440,5ec2fa48f132098e18440563a4a12300572a358d5f3cad16b277a2bcdd1b12e2,comments only
uvm_router/virtual_sequence.sv,tb/virtual_sequence.sv,021d34cd6ba676ed1d475b08520192b88e4d44d8ba3265aa27d27fd0a34f1020,d54ff3b0dbf377a1247d9e48f90de547150591ab20d35b1d09b94b2ad7873a7f,comments only
uvm_router/write_agent.sv,tb/write_agent.sv,41b4fcd7a56a581e9b6319d69e5ab663b1119d1486023027bf528711fba99006,41b4fcd7a56a581e9b6319d69e5ab663b1119d1486023027bf528711fba99006,unchanged
uvm_router/write_driver.sv,tb/write_driver.sv,1b3d8b4be716341b7fd848e4206bc6063f46a95e2f292e4e5aa9b6ea94ef1336,5847f8643a8a24799f7aa01f12e91a989df106d5a15ad7777e05715cc7c2e675,comments only
uvm_router/write_monitor.sv,tb/write_monitor.sv,8352b675323533a00b794bedd3d3d49f1eb00e4b8757d672c432ba61de682107,1c98345b24443328f009bef6d347ccc51712b7ebbdc3ff51e1e5eb27af2c6de6,comments only
uvm_router/write_sequencer.sv,tb/write_sequencer.sv,8f94527635dd5bd267aa9895bb350157d9cce2cc824ff082ce937b6f34f3b3fd,8f94527635dd5bd267aa9895bb350157d9cce2cc824ff082ce937b6f34f3b3fd,unchanged
uvm_router/write_xtn.sv,tb/write_xtn.sv,674e06f389ff1362ddee45a24417349d12f2399c43e1b81b753c01b284a26b26,b307c35f8832e8c80026de9bb0a5c938611a07bc16a5da48d13d1b8b4e0c406a,comments only
